{"cameraMode":{"drawMode":0,"name":"Shaded","section":"Shading Mode"},"sceneLighting":false,"audioPlay":false,"sceneViewState":{"m_AlwaysRefresh":false,"showFog":true,"showSkybox":false,"showFlares":true,"showImageEffects":true,"showParticleSystems":true,"showVisualEffectGraphs":true,"m_FxEnabled":true},"in2DMode":false,"pivot":{"x":0.011682868003845215,"y":0.6348176002502441,"z":0.5585105419158936},"rotation":{"x":0.12478233128786087,"y":-0.7034649848937988,"z":0.12755784392356873,"w":0.6880025863647461},"size":1.7671494483947755,"orthographic":true}