{"cameraMode":{"drawMode":0,"name":"Shaded","section":"Shading Mode"},"sceneLighting":false,"audioPlay":false,"sceneViewState":{"m_AlwaysRefresh":false,"showFog":true,"showSkybox":false,"showFlares":true,"showImageEffects":true,"showParticleSystems":true,"showVisualEffectGraphs":true,"m_FxEnabled":true},"in2DMode":false,"pivot":{"x":0.013249397277832032,"y":2.285473346710205,"z":-0.012935638427734375},"rotation":{"x":0.10317002236843109,"y":-0.4769698679447174,"z":0.056495219469070438,"w":0.8710162043571472},"size":11.014972686767579,"orthographic":true}