{"cameraMode":{"drawMode":0,"name":"Shaded","section":"Shading Mode"},"sceneLighting":false,"audioPlay":false,"sceneViewState":{"m_AlwaysRefresh":false,"showFog":true,"showSkybox":false,"showFlares":true,"showImageEffects":true,"showParticleSystems":true,"showVisualEffectGraphs":true,"m_FxEnabled":true},"in2DMode":false,"pivot":{"x":-0.003977775573730469,"y":0.5685412883758545,"z":0.4578017592430115},"rotation":{"x":0.12478233128786087,"y":-0.7034649848937988,"z":0.12755784392356873,"w":0.6880025863647461},"size":1.6316273212432862,"orthographic":true}