{"cameraMode":{"drawMode":0,"name":"Shaded","section":"Shading Mode"},"sceneLighting":true,"audioPlay":false,"sceneViewState":{"m_AlwaysRefresh":false,"showFog":true,"showSkybox":true,"showFlares":true,"showImageEffects":true,"showParticleSystems":true,"showVisualEffectGraphs":true,"m_FxEnabled":true},"in2DMode":false,"pivot":{"x":-1.0305776596069337,"y":3.375772476196289,"z":-0.9969456195831299},"rotation":{"x":0.12751218676567079,"y":-0.7411065697669983,"z":0.14706683158874513,"w":0.6425598859786987},"size":3.0639028549194338,"orthographic":true}