{"cameraMode":{"drawMode":0,"name":"Shaded","section":"Shading Mode"},"sceneLighting":true,"audioPlay":false,"sceneViewState":{"m_AlwaysRefresh":false,"showFog":true,"showSkybox":true,"showFlares":true,"showImageEffects":true,"showParticleSystems":true,"showVisualEffectGraphs":true,"m_FxEnabled":true},"in2DMode":false,"pivot":{"x":5.051448822021484,"y":5.716482162475586,"z":1.7299561500549317},"rotation":{"x":0.08462191373109818,"y":-0.7978734970092773,"z":0.11517133563756943,"w":0.5857495069503784},"size":2.8650243282318117,"orthographic":true}