{"cameraMode":{"drawMode":0,"name":"Shaded","section":"Shading Mode"},"sceneLighting":false,"audioPlay":false,"sceneViewState":{"m_AlwaysRefresh":false,"showFog":true,"showSkybox":false,"showFlares":true,"showImageEffects":true,"showParticleSystems":true,"showVisualEffectGraphs":true,"m_FxEnabled":true},"in2DMode":false,"pivot":{"x":-0.0001723766326904297,"y":-0.0001780986785888672,"z":-0.00014990568161010742},"rotation":{"x":0.12478233128786087,"y":-0.7034649848937988,"z":0.12755784392356873,"w":0.6880025863647461},"size":1.2448205947875977,"orthographic":true}